-- MySQL Script generated by MySQL Workbench
-- Thu Jan 10 17:47:42 2019
-- Model: New Model    Version: 1.0
-- MySQL Workbench Forward Engineering

SET @OLD_UNIQUE_CHECKS=@@UNIQUE_CHECKS, UNIQUE_CHECKS=0;
SET @OLD_FOREIGN_KEY_CHECKS=@@FOREIGN_KEY_CHECKS, FOREIGN_KEY_CHECKS=0;
SET @OLD_SQL_MODE=@@SQL_MODE, SQL_MODE='ONLY_FULL_GROUP_BY,STRICT_TRANS_TABLES,NO_ZERO_IN_DATE,NO_ZERO_DATE,ERROR_FOR_DIVISION_BY_ZERO,NO_ENGINE_SUBSTITUTION';

-- -----------------------------------------------------
-- Schema instagram
-- -----------------------------------------------------

-- -----------------------------------------------------
-- Schema instagram
-- -----------------------------------------------------
CREATE SCHEMA IF NOT EXISTS `instagram` DEFAULT CHARACTER SET utf8 ;
USE `instagram` ;

-- -----------------------------------------------------
-- Table `instagram`.`Genders`
-- -----------------------------------------------------
CREATE TABLE IF NOT EXISTS `instagram`.`Genders` (
  `gender_id` INT(20) NOT NULL AUTO_INCREMENT,
  `name` VARCHAR(100) NOT NULL,
  PRIMARY KEY (`gender_id`),
  UNIQUE INDEX `name_UNIQUE` (`name` ASC) VISIBLE)
ENGINE = InnoDB;


-- -----------------------------------------------------
-- Table `instagram`.`Countries`
-- -----------------------------------------------------
CREATE TABLE IF NOT EXISTS `instagram`.`Countries` (
  `country_id` INT(20) NOT NULL,
  `name` VARCHAR(100) NOT NULL,
  PRIMARY KEY (`country_id`),
  UNIQUE INDEX `name_UNIQUE` (`name` ASC) VISIBLE)
ENGINE = InnoDB;


-- -----------------------------------------------------
-- Table `instagram`.`States`
-- -----------------------------------------------------
CREATE TABLE IF NOT EXISTS `instagram`.`States` (
  `state_id` INT(20) NOT NULL AUTO_INCREMENT,
  `name` VARCHAR(45) NOT NULL,
  `country_id` INT(20) NOT NULL,
  PRIMARY KEY (`state_id`),
  UNIQUE INDEX `name_UNIQUE` (`name` ASC) VISIBLE,
  CONSTRAINT `fk_states_country_id`
    FOREIGN KEY (`country_id`)
    REFERENCES `instagram`.`Countries` (`country_id`)
    ON DELETE NO ACTION
    ON UPDATE NO ACTION)
ENGINE = InnoDB
COMMENT = '													';


-- -----------------------------------------------------
-- Table `instagram`.`Cities`
-- -----------------------------------------------------
CREATE TABLE IF NOT EXISTS `instagram`.`Cities` (
  `city_id` INT(20) NOT NULL AUTO_INCREMENT,
  `name` VARCHAR(100) NOT NULL,
  `state_id` INT(20) NOT NULL,
  PRIMARY KEY (`city_id`),
  CONSTRAINT `fk_cities_state_id`
    FOREIGN KEY (`state_id`)
    REFERENCES `instagram`.`States` (`state_id`)
    ON DELETE NO ACTION
    ON UPDATE NO ACTION)
ENGINE = InnoDB;


-- -----------------------------------------------------
-- Table `instagram`.`Users`
-- -----------------------------------------------------
CREATE TABLE IF NOT EXISTS `instagram`.`Users` (
  `user_id` INT(20) NOT NULL AUTO_INCREMENT,
  `email` VARCHAR(255) NOT NULL,
  `username` VARCHAR(50) NOT NULL,
  `password` VARCHAR(255) NOT NULL,
  `real_name` VARCHAR(1000) NOT NULL,
  `gender_id` INT(20) NULL,
  `city_id` INT(20) NULL,
  `birth_date` DATETIME NULL,
  `date_created` DATETIME NOT NULL,
  `date_updated` DATETIME NULL,
  `active` TINYINT NOT NULL DEFAULT 1,
  PRIMARY KEY (`user_id`),
  UNIQUE INDEX `email_UNIQUE` (`email` ASC) VISIBLE,
  UNIQUE INDEX `username_UNIQUE` (`username` ASC) VISIBLE,
  INDEX `fk_users_gender_id_idx` (`gender_id` ASC) VISIBLE,
  INDEX `fk_users_city_id_idx` (`city_id` ASC) VISIBLE,
  CONSTRAINT `fk_users_gender_id`
    FOREIGN KEY (`gender_id`)
    REFERENCES `instagram`.`Genders` (`gender_id`)
    ON DELETE NO ACTION
    ON UPDATE NO ACTION,
  CONSTRAINT `fk_users_city_id`
    FOREIGN KEY (`city_id`)
    REFERENCES `instagram`.`Cities` (`city_id`)
    ON DELETE NO ACTION
    ON UPDATE NO ACTION)
ENGINE = InnoDB
DEFAULT CHARACTER SET = utf8mb4
COLLATE = utf8mb4_bin;


-- -----------------------------------------------------
-- Table `instagram`.`Posts`
-- -----------------------------------------------------
CREATE TABLE IF NOT EXISTS `instagram`.`Posts` (
  `post_id` INT(20) NOT NULL AUTO_INCREMENT,
  `user_id` INT(20) NOT NULL,
  `caption` TEXT NULL,
  `latitude` FLOAT NULL,
  `longitude` FLOAT NULL,
  `type` ENUM('image', 'video') NULL DEFAULT 'image',
  `post_url` VARCHAR(700) NULL,
  `date_created` DATETIME NOT NULL,
  `date_updated` DATETIME NOT NULL,
  PRIMARY KEY (`post_id`),
  INDEX `fk_posts_user_id_idx` (`user_id` ASC) VISIBLE,
  CONSTRAINT `fk_posts_user_id`
    FOREIGN KEY (`user_id`)
    REFERENCES `instagram`.`Users` (`user_id`)
    ON DELETE NO ACTION
    ON UPDATE NO ACTION)
ENGINE = InnoDB
DEFAULT CHARACTER SET = utf8mb4
COLLATE = utf8mb4_bin;


-- -----------------------------------------------------
-- Table `instagram`.`Followings`
-- -----------------------------------------------------
CREATE TABLE IF NOT EXISTS `instagram`.`Followings` (
  `user_id` INT NOT NULL,
  `following_id` INT NOT NULL,
  `date_created` DATETIME NOT NULL,
  PRIMARY KEY (`user_id`, `following_id`),
  INDEX `fk_followings_following_id_idx` (`following_id` ASC) VISIBLE,
  CONSTRAINT `fk_followings_user_id`
    FOREIGN KEY (`user_id`)
    REFERENCES `instagram`.`Users` (`user_id`)
    ON DELETE NO ACTION
    ON UPDATE NO ACTION,
  CONSTRAINT `fk_followings_following_id`
    FOREIGN KEY (`following_id`)
    REFERENCES `instagram`.`Users` (`user_id`)
    ON DELETE NO ACTION
    ON UPDATE NO ACTION)
ENGINE = InnoDB;


-- -----------------------------------------------------
-- Table `instagram`.`Comments`
-- -----------------------------------------------------
CREATE TABLE IF NOT EXISTS `instagram`.`Comments` (
  `comment_id` INT(20) NOT NULL AUTO_INCREMENT,
  `post_id` INT(20) NOT NULL,
  `user_id` INT(20) NOT NULL,
  `content` TEXT NOT NULL,
  `date_created` DATETIME NOT NULL,
  `date_updated` DATETIME NOT NULL,
  PRIMARY KEY (`comment_id`),
  INDEX `fk_comments_user_id_idx` (`user_id` ASC) VISIBLE,
  INDEX `fk_comments_post_id_idx` (`post_id` ASC) VISIBLE,
  CONSTRAINT `fk_comments_user_id`
    FOREIGN KEY (`user_id`)
    REFERENCES `instagram`.`Users` (`user_id`)
    ON DELETE NO ACTION
    ON UPDATE NO ACTION,
  CONSTRAINT `fk_comments_post_id`
    FOREIGN KEY (`post_id`)
    REFERENCES `instagram`.`Posts` (`post_id`)
    ON DELETE NO ACTION
    ON UPDATE NO ACTION)
ENGINE = InnoDB
DEFAULT CHARACTER SET = utf8mb4
COLLATE = utf8mb4_bin;


-- -----------------------------------------------------
-- Table `instagram`.`Messages`
-- -----------------------------------------------------
CREATE TABLE IF NOT EXISTS `instagram`.`Messages` (
  `message_id` INT(20) NOT NULL AUTO_INCREMENT,
  `user_id_from` INT(20) NOT NULL,
  `user_id_to` INT(20) NOT NULL,
  `content` TEXT NOT NULL,
  `date_created` DATETIME NOT NULL,
  PRIMARY KEY (`message_id`),
  INDEX `fk_messages_users_idx` (`user_id_from` ASC) VISIBLE,
  INDEX `fk_messages_users_id_to_idx` (`user_id_to` ASC) VISIBLE,
  CONSTRAINT `fk_messages_users_id_from`
    FOREIGN KEY (`user_id_from`)
    REFERENCES `instagram`.`Users` (`user_id`)
    ON DELETE NO ACTION
    ON UPDATE NO ACTION,
  CONSTRAINT `fk_messages_users_id_to`
    FOREIGN KEY (`user_id_to`)
    REFERENCES `instagram`.`Users` (`user_id`)
    ON DELETE NO ACTION
    ON UPDATE NO ACTION)
ENGINE = InnoDB
DEFAULT CHARACTER SET = utf8mb4
COLLATE = utf8mb4_bin;


-- -----------------------------------------------------
-- Table `instagram`.`Likes`
-- -----------------------------------------------------
CREATE TABLE IF NOT EXISTS `instagram`.`Likes` (
  `user_id` INT(20) NOT NULL,
  `post_id` INT(20) NOT NULL,
  `date_created` DATETIME NOT NULL,
  PRIMARY KEY (`user_id`, `post_id`),
  INDEX `fk_likes_posts_idx` (`post_id` ASC) VISIBLE,
  CONSTRAINT `fk_likes_user_id`
    FOREIGN KEY (`user_id`)
    REFERENCES `instagram`.`Users` (`user_id`)
    ON DELETE NO ACTION
    ON UPDATE NO ACTION,
  CONSTRAINT `fk_likes_post_id`
    FOREIGN KEY (`post_id`)
    REFERENCES `instagram`.`Posts` (`post_id`)
    ON DELETE NO ACTION
    ON UPDATE NO ACTION)
ENGINE = InnoDB;


-- -----------------------------------------------------
-- Table `instagram`.`Icons`
-- -----------------------------------------------------
CREATE TABLE IF NOT EXISTS `instagram`.`Icons` (
  `icon_id` INT(20) NOT NULL AUTO_INCREMENT,
  `user_id` INT(20) NOT NULL,
  `icon_url` VARCHAR(700) NULL,
  `date_created` DATETIME NOT NULL,
  PRIMARY KEY (`icon_id`),
  INDEX `fk_icons_user_id_idx` (`user_id` ASC) VISIBLE,
  CONSTRAINT `fk_icons_user_id`
    FOREIGN KEY (`user_id`)
    REFERENCES `instagram`.`Users` (`user_id`)
    ON DELETE NO ACTION
    ON UPDATE NO ACTION)
ENGINE = InnoDB;


SET SQL_MODE=@OLD_SQL_MODE;
SET FOREIGN_KEY_CHECKS=@OLD_FOREIGN_KEY_CHECKS;
SET UNIQUE_CHECKS=@OLD_UNIQUE_CHECKS;

-- -----------------------------------------------------
-- Data for table `instagram`.`Genders`
-- -----------------------------------------------------
START TRANSACTION;
USE `instagram`;
INSERT INTO `instagram`.`Genders` (`gender_id`, `name`) VALUES (1, 'male');
INSERT INTO `instagram`.`Genders` (`gender_id`, `name`) VALUES (2, 'female');

COMMIT;


-- -----------------------------------------------------
-- Data for table `instagram`.`Countries`
-- -----------------------------------------------------
START TRANSACTION;
USE `instagram`;
INSERT INTO `instagram`.`Countries` (`country_id`, `name`) VALUES (1, 'United States');

COMMIT;


-- -----------------------------------------------------
-- Data for table `instagram`.`States`
-- -----------------------------------------------------
START TRANSACTION;
USE `instagram`;
INSERT INTO `instagram`.`States` (`state_id`, `name`, `country_id`) VALUES (1, 'New York', 1);
INSERT INTO `instagram`.`States` (`state_id`, `name`, `country_id`) VALUES (2, 'California', 1);
INSERT INTO `instagram`.`States` (`state_id`, `name`, `country_id`) VALUES (3, 'Alabama', 1);
INSERT INTO `instagram`.`States` (`state_id`, `name`, `country_id`) VALUES (4, 'Arizona', 1);
INSERT INTO `instagram`.`States` (`state_id`, `name`, `country_id`) VALUES (5, 'Alaska', 1);
INSERT INTO `instagram`.`States` (`state_id`, `name`, `country_id`) VALUES (6, 'Arkanzas', 1);
INSERT INTO `instagram`.`States` (`state_id`, `name`, `country_id`) VALUES (7, 'Colorado', 1);
INSERT INTO `instagram`.`States` (`state_id`, `name`, `country_id`) VALUES (8, 'Connecticut', 1);
INSERT INTO `instagram`.`States` (`state_id`, `name`, `country_id`) VALUES (9, 'Delaware', 1);
INSERT INTO `instagram`.`States` (`state_id`, `name`, `country_id`) VALUES (10, 'Florida', 1);
INSERT INTO `instagram`.`States` (`state_id`, `name`, `country_id`) VALUES (11, 'Georgia', 1);
INSERT INTO `instagram`.`States` (`state_id`, `name`, `country_id`) VALUES (12, 'Hawaii', 1);
INSERT INTO `instagram`.`States` (`state_id`, `name`, `country_id`) VALUES (13, 'Idaho', 1);
INSERT INTO `instagram`.`States` (`state_id`, `name`, `country_id`) VALUES (14, 'Illionis', 1);
INSERT INTO `instagram`.`States` (`state_id`, `name`, `country_id`) VALUES (15, 'Indiana', 1);
INSERT INTO `instagram`.`States` (`state_id`, `name`, `country_id`) VALUES (16, 'Iowa', 1);
INSERT INTO `instagram`.`States` (`state_id`, `name`, `country_id`) VALUES (17, 'Kansas', 1);
INSERT INTO `instagram`.`States` (`state_id`, `name`, `country_id`) VALUES (18, 'Kentucky', 1);
INSERT INTO `instagram`.`States` (`state_id`, `name`, `country_id`) VALUES (19, 'Louisiana', 1);
INSERT INTO `instagram`.`States` (`state_id`, `name`, `country_id`) VALUES (20, 'Maine', 1);
INSERT INTO `instagram`.`States` (`state_id`, `name`, `country_id`) VALUES (21, 'Maryland', 1);
INSERT INTO `instagram`.`States` (`state_id`, `name`, `country_id`) VALUES (22, 'Massachusetts', 1);
INSERT INTO `instagram`.`States` (`state_id`, `name`, `country_id`) VALUES (23, 'Michigan', 1);
INSERT INTO `instagram`.`States` (`state_id`, `name`, `country_id`) VALUES (24, 'Minnesota', 1);
INSERT INTO `instagram`.`States` (`state_id`, `name`, `country_id`) VALUES (25, 'Mississippi', 1);
INSERT INTO `instagram`.`States` (`state_id`, `name`, `country_id`) VALUES (26, 'Missouri', 1);
INSERT INTO `instagram`.`States` (`state_id`, `name`, `country_id`) VALUES (27, 'Montana', 1);
INSERT INTO `instagram`.`States` (`state_id`, `name`, `country_id`) VALUES (28, 'Nebraska', 1);
INSERT INTO `instagram`.`States` (`state_id`, `name`, `country_id`) VALUES (29, 'Nevada', 1);
INSERT INTO `instagram`.`States` (`state_id`, `name`, `country_id`) VALUES (30, 'New Hampshire', 1);
INSERT INTO `instagram`.`States` (`state_id`, `name`, `country_id`) VALUES (31, 'New Jersey', 1);
INSERT INTO `instagram`.`States` (`state_id`, `name`, `country_id`) VALUES (32, 'New Mexico', 1);
INSERT INTO `instagram`.`States` (`state_id`, `name`, `country_id`) VALUES (33, 'North Carolina', 1);
INSERT INTO `instagram`.`States` (`state_id`, `name`, `country_id`) VALUES (34, 'North Dakota', 1);
INSERT INTO `instagram`.`States` (`state_id`, `name`, `country_id`) VALUES (35, 'Ohio', 1);
INSERT INTO `instagram`.`States` (`state_id`, `name`, `country_id`) VALUES (36, 'Oklahoma', 1);
INSERT INTO `instagram`.`States` (`state_id`, `name`, `country_id`) VALUES (37, 'Oregon', 1);
INSERT INTO `instagram`.`States` (`state_id`, `name`, `country_id`) VALUES (38, 'Pennsylvania', 1);
INSERT INTO `instagram`.`States` (`state_id`, `name`, `country_id`) VALUES (39, 'Rhode Island', 1);
INSERT INTO `instagram`.`States` (`state_id`, `name`, `country_id`) VALUES (40, 'South Carolina', 1);
INSERT INTO `instagram`.`States` (`state_id`, `name`, `country_id`) VALUES (41, 'South Dakota', 1);
INSERT INTO `instagram`.`States` (`state_id`, `name`, `country_id`) VALUES (42, 'Tennessee', 1);
INSERT INTO `instagram`.`States` (`state_id`, `name`, `country_id`) VALUES (43, 'Texas', 1);
INSERT INTO `instagram`.`States` (`state_id`, `name`, `country_id`) VALUES (44, 'Utah', 1);
INSERT INTO `instagram`.`States` (`state_id`, `name`, `country_id`) VALUES (45, 'Vermont', 1);
INSERT INTO `instagram`.`States` (`state_id`, `name`, `country_id`) VALUES (46, 'Virginia', 1);
INSERT INTO `instagram`.`States` (`state_id`, `name`, `country_id`) VALUES (47, 'Washington', 1);
INSERT INTO `instagram`.`States` (`state_id`, `name`, `country_id`) VALUES (48, 'West Virginia', 1);
INSERT INTO `instagram`.`States` (`state_id`, `name`, `country_id`) VALUES (49, 'Wisconsin', 1);
INSERT INTO `instagram`.`States` (`state_id`, `name`, `country_id`) VALUES (50, 'Wyoming', 1);

COMMIT;


-- -----------------------------------------------------
-- Data for table `instagram`.`Cities`
-- -----------------------------------------------------
START TRANSACTION;
USE `instagram`;
INSERT INTO `instagram`.`Cities` (`city_id`, `name`, `state_id`) VALUES (1, 'New York City', 1);
INSERT INTO `instagram`.`Cities` (`city_id`, `name`, `state_id`) VALUES (2, 'Brooklyn', 1);
INSERT INTO `instagram`.`Cities` (`city_id`, `name`, `state_id`) VALUES (3, 'Los Angeles', 2);
INSERT INTO `instagram`.`Cities` (`city_id`, `name`, `state_id`) VALUES (4, 'Montgomery', 3);
INSERT INTO `instagram`.`Cities` (`city_id`, `name`, `state_id`) VALUES (5, 'Birmingham', 3);
INSERT INTO `instagram`.`Cities` (`city_id`, `name`, `state_id`) VALUES (6, 'Juneau', 5);
INSERT INTO `instagram`.`Cities` (`city_id`, `name`, `state_id`) VALUES (7, 'Anchorage', 5);
INSERT INTO `instagram`.`Cities` (`city_id`, `name`, `state_id`) VALUES (8, 'Phoenix', 4);
INSERT INTO `instagram`.`Cities` (`city_id`, `name`, `state_id`) VALUES (9, 'Little Rock', 6);
INSERT INTO `instagram`.`Cities` (`city_id`, `name`, `state_id`) VALUES (10, 'Denver', 7);
INSERT INTO `instagram`.`Cities` (`city_id`, `name`, `state_id`) VALUES (11, 'Sacramento', 2);
INSERT INTO `instagram`.`Cities` (`city_id`, `name`, `state_id`) VALUES (13, 'Hartford', 8);
INSERT INTO `instagram`.`Cities` (`city_id`, `name`, `state_id`) VALUES (14, 'Bridgeport', 8);
INSERT INTO `instagram`.`Cities` (`city_id`, `name`, `state_id`) VALUES (15, 'Dover', 9);
INSERT INTO `instagram`.`Cities` (`city_id`, `name`, `state_id`) VALUES (16, 'Wilmington', 9);
INSERT INTO `instagram`.`Cities` (`city_id`, `name`, `state_id`) VALUES (17, 'Tallahassee', 10);
INSERT INTO `instagram`.`Cities` (`city_id`, `name`, `state_id`) VALUES (18, 'Jacksonville', 10);
INSERT INTO `instagram`.`Cities` (`city_id`, `name`, `state_id`) VALUES (19, 'Atlanta', 11);
INSERT INTO `instagram`.`Cities` (`city_id`, `name`, `state_id`) VALUES (20, 'Honolulu', 12);
INSERT INTO `instagram`.`Cities` (`city_id`, `name`, `state_id`) VALUES (21, 'Boise', 13);
INSERT INTO `instagram`.`Cities` (`city_id`, `name`, `state_id`) VALUES (22, 'Springfield', 14);
INSERT INTO `instagram`.`Cities` (`city_id`, `name`, `state_id`) VALUES (23, 'Chicago', 14);
INSERT INTO `instagram`.`Cities` (`city_id`, `name`, `state_id`) VALUES (24, 'Indianapolis', 15);
INSERT INTO `instagram`.`Cities` (`city_id`, `name`, `state_id`) VALUES (25, 'Des Moines', 16);
INSERT INTO `instagram`.`Cities` (`city_id`, `name`, `state_id`) VALUES (26, 'Topeka', 17);
INSERT INTO `instagram`.`Cities` (`city_id`, `name`, `state_id`) VALUES (27, 'Wichita', 17);
INSERT INTO `instagram`.`Cities` (`city_id`, `name`, `state_id`) VALUES (28, 'Frankfort', 18);
INSERT INTO `instagram`.`Cities` (`city_id`, `name`, `state_id`) VALUES (29, 'Louisville', 18);
INSERT INTO `instagram`.`Cities` (`city_id`, `name`, `state_id`) VALUES (30, 'Baton Rouge', 19);
INSERT INTO `instagram`.`Cities` (`city_id`, `name`, `state_id`) VALUES (31, 'New Orleans 	', 19);
INSERT INTO `instagram`.`Cities` (`city_id`, `name`, `state_id`) VALUES (32, 'Augusta', 20);
INSERT INTO `instagram`.`Cities` (`city_id`, `name`, `state_id`) VALUES (33, 'Portland', 20);
INSERT INTO `instagram`.`Cities` (`city_id`, `name`, `state_id`) VALUES (34, 'Annapolis', 21);
INSERT INTO `instagram`.`Cities` (`city_id`, `name`, `state_id`) VALUES (35, 'Baltimore', 21);
INSERT INTO `instagram`.`Cities` (`city_id`, `name`, `state_id`) VALUES (36, 'Boston', 22);
INSERT INTO `instagram`.`Cities` (`city_id`, `name`, `state_id`) VALUES (37, 'Lansing', 23);
INSERT INTO `instagram`.`Cities` (`city_id`, `name`, `state_id`) VALUES (38, 'Detroit', 23);
INSERT INTO `instagram`.`Cities` (`city_id`, `name`, `state_id`) VALUES (39, 'St. Paul', 24);
INSERT INTO `instagram`.`Cities` (`city_id`, `name`, `state_id`) VALUES (40, 'Minneapolis', 24);
INSERT INTO `instagram`.`Cities` (`city_id`, `name`, `state_id`) VALUES (41, 'Jackson', 25);
INSERT INTO `instagram`.`Cities` (`city_id`, `name`, `state_id`) VALUES (42, 'Jefferson City', 26);
INSERT INTO `instagram`.`Cities` (`city_id`, `name`, `state_id`) VALUES (43, 'Kansas City', 26);
INSERT INTO `instagram`.`Cities` (`city_id`, `name`, `state_id`) VALUES (44, 'Helena', 27);
INSERT INTO `instagram`.`Cities` (`city_id`, `name`, `state_id`) VALUES (45, 'Billings', 27);
INSERT INTO `instagram`.`Cities` (`city_id`, `name`, `state_id`) VALUES (46, 'Lincoln', 28);
INSERT INTO `instagram`.`Cities` (`city_id`, `name`, `state_id`) VALUES (47, 'Omaha', 28);
INSERT INTO `instagram`.`Cities` (`city_id`, `name`, `state_id`) VALUES (48, 'Carson City', 29);
INSERT INTO `instagram`.`Cities` (`city_id`, `name`, `state_id`) VALUES (49, 'Las Vegas', 29);
INSERT INTO `instagram`.`Cities` (`city_id`, `name`, `state_id`) VALUES (50, 'Concord', 30);
INSERT INTO `instagram`.`Cities` (`city_id`, `name`, `state_id`) VALUES (51, 'Manchester', 30);
INSERT INTO `instagram`.`Cities` (`city_id`, `name`, `state_id`) VALUES (52, 'Trenton', 31);
INSERT INTO `instagram`.`Cities` (`city_id`, `name`, `state_id`) VALUES (53, 'Newark', 31);
INSERT INTO `instagram`.`Cities` (`city_id`, `name`, `state_id`) VALUES (54, 'Santa Fe', 32);
INSERT INTO `instagram`.`Cities` (`city_id`, `name`, `state_id`) VALUES (55, 'Albuquerque', 32);
INSERT INTO `instagram`.`Cities` (`city_id`, `name`, `state_id`) VALUES (56, 'Albany', 1);
INSERT INTO `instagram`.`Cities` (`city_id`, `name`, `state_id`) VALUES (57, 'Raleigh', 33);
INSERT INTO `instagram`.`Cities` (`city_id`, `name`, `state_id`) VALUES (58, 'Charlotte', 33);
INSERT INTO `instagram`.`Cities` (`city_id`, `name`, `state_id`) VALUES (59, 'Bismarck', 34);
INSERT INTO `instagram`.`Cities` (`city_id`, `name`, `state_id`) VALUES (60, 'Fargo', 34);
INSERT INTO `instagram`.`Cities` (`city_id`, `name`, `state_id`) VALUES (61, 'Columbus', 35);
INSERT INTO `instagram`.`Cities` (`city_id`, `name`, `state_id`) VALUES (62, 'Oklahoma City', 36);
INSERT INTO `instagram`.`Cities` (`city_id`, `name`, `state_id`) VALUES (63, 'Salem', 37);
INSERT INTO `instagram`.`Cities` (`city_id`, `name`, `state_id`) VALUES (64, 'Portland', 37);
INSERT INTO `instagram`.`Cities` (`city_id`, `name`, `state_id`) VALUES (65, 'Harrisburg', 38);
INSERT INTO `instagram`.`Cities` (`city_id`, `name`, `state_id`) VALUES (66, 'Philadelphia', 38);
INSERT INTO `instagram`.`Cities` (`city_id`, `name`, `state_id`) VALUES (67, 'Providence', 39);
INSERT INTO `instagram`.`Cities` (`city_id`, `name`, `state_id`) VALUES (68, 'Columbia', 40);
INSERT INTO `instagram`.`Cities` (`city_id`, `name`, `state_id`) VALUES (69, 'Charleston', 40);
INSERT INTO `instagram`.`Cities` (`city_id`, `name`, `state_id`) VALUES (70, 'Pierre', 41);
INSERT INTO `instagram`.`Cities` (`city_id`, `name`, `state_id`) VALUES (71, 'Sioux Falls', 41);
INSERT INTO `instagram`.`Cities` (`city_id`, `name`, `state_id`) VALUES (72, 'Nashville', 42);
INSERT INTO `instagram`.`Cities` (`city_id`, `name`, `state_id`) VALUES (73, 'Austin', 43);
INSERT INTO `instagram`.`Cities` (`city_id`, `name`, `state_id`) VALUES (74, 'Houston', 43);
INSERT INTO `instagram`.`Cities` (`city_id`, `name`, `state_id`) VALUES (75, 'Salt Lake City', 44);
INSERT INTO `instagram`.`Cities` (`city_id`, `name`, `state_id`) VALUES (76, 'Montpelier', 45);
INSERT INTO `instagram`.`Cities` (`city_id`, `name`, `state_id`) VALUES (77, 'Burlington', 45);
INSERT INTO `instagram`.`Cities` (`city_id`, `name`, `state_id`) VALUES (78, 'Richmond', 46);
INSERT INTO `instagram`.`Cities` (`city_id`, `name`, `state_id`) VALUES (79, 'Virginia Beach', 46);
INSERT INTO `instagram`.`Cities` (`city_id`, `name`, `state_id`) VALUES (80, 'Olympia', 47);
INSERT INTO `instagram`.`Cities` (`city_id`, `name`, `state_id`) VALUES (81, 'Seattle', 47);
INSERT INTO `instagram`.`Cities` (`city_id`, `name`, `state_id`) VALUES (82, 'Charleston', 48);
INSERT INTO `instagram`.`Cities` (`city_id`, `name`, `state_id`) VALUES (83, 'Madison', 49);
INSERT INTO `instagram`.`Cities` (`city_id`, `name`, `state_id`) VALUES (84, 'Milwaukee', 49);
INSERT INTO `instagram`.`Cities` (`city_id`, `name`, `state_id`) VALUES (85, 'Cheyenne', 50);

COMMIT;


-- -----------------------------------------------------
-- Data for table `instagram`.`Users`
-- -----------------------------------------------------
START TRANSACTION;
USE `instagram`;
INSERT INTO `instagram`.`Users` (`user_id`, `email`, `username`, `password`, `real_name`, `gender_id`, `city_id`, `birth_date`, `date_created`, `date_updated`, `active`) VALUES (1, 'marko.zahorodni@gmail.com', 'marko', 'rumenka2012', 'Marko Zahorodni', 1, 1, '1998-05-18', '2018-05-05', NULL, 1);
INSERT INTO `instagram`.`Users` (`user_id`, `email`, `username`, `password`, `real_name`, `gender_id`, `city_id`, `birth_date`, `date_created`, `date_updated`, `active`) VALUES (2, 'david.zahorodni@gmail.com', 'david', 'rumenka2012', 'David Zahorodni', 1, 2, '1998-05-18', '2015-05-20', NULL, 1);
INSERT INTO `instagram`.`Users` (`user_id`, `email`, `username`, `password`, `real_name`, `gender_id`, `city_id`, `birth_date`, `date_created`, `date_updated`, `active`) VALUES (3, 'vesna.zahorodni@gmail.com', 'vesna', 'rumenka2012', 'Vesna Zahorodni', 2, 3, '1969-09-28', '2016-08-28', NULL, 1);

COMMIT;


-- -----------------------------------------------------
-- Data for table `instagram`.`Followings`
-- -----------------------------------------------------
START TRANSACTION;
USE `instagram`;
INSERT INTO `instagram`.`Followings` (`user_id`, `following_id`, `date_created`) VALUES (1, 3, '2018-05-05');
INSERT INTO `instagram`.`Followings` (`user_id`, `following_id`, `date_created`) VALUES (2, 3, '2018-09-05');
INSERT INTO `instagram`.`Followings` (`user_id`, `following_id`, `date_created`) VALUES (2, 1, '2019-01-01');

COMMIT;

